"id","cultural1","cultural2","cultural3","age","sector","gender"
"0023a325e2b370871a07cfb184e13101","United Kingdom","None","None","unspecified","Unspecified","male"
"0f4aa8e93f074643ea69f517ba2e3bc7","United Kingdom","None","None","unspecified","Unspecified","unspecified"
"190639eadd91104efa4198665049ff94","United Kingdom","None","None","21-30","Science and Engineering","male"
"1ea64a39ebcc50705c0eec1d096fc304","United Kingdom","Spain","None","21-30","Education","unspecified"
"2c5d874c86d674fe3ea4bd759632637a","Pakistan","United Kingdom","None","21-30","Science and Engineering","male"
"32392f2b94d4e4c92aa5ce12664f0ba3","South Africa","United Kingdom","None","21-30","Science and Engineering","male"
"379ba6d5610f2c7bf1addee39af28a5d","United Kingdom","Nigeria","United States","21-30","Science and Engineering","male"
"4280737f49f1b019d4016059928a56e5","United Kingdom","None","None","21-30","Information - Services and Data","male"
"4540fe2c100aa1c95ae8a3a0057099d1","United Kingdom","None","None","21-30","Education","female"
"53f37a9d78536be1c920533eed50c7ea","United Kingdom","None","None","21-30","Science and Engineering","male"
"5b2533b3bca544c949659365e28ef988","United Kingdom","Nigeria","Myanmar","61-70","Science and Engineering","male"
"74e4694ae2de7c3dea15f7f010cb2cdf","United Kingdom","India","None","21-30","Science and Engineering","unspecified"
"83de794b6f9f890e47d34c156553bd3a","United Kingdom","Australia","None","51-60","Health Care and Social Assistance","male"
"84b19faa60141212154da7613f1c550a","United Kingdom","Spain","None","21-30","Information - Services and Data","male"
"889275f713196f4eedf09d89a70dec1e","United Kingdom","Nigeria","None","21-30","Science and Engineering","male"
"8d053e8d73cacf5a33a81f6454741cc8","United Kingdom","None","None","21-30","Retail","unspecified"
"8eba23e4723515bc733d0d57b2c70c17","United Kingdom","Ireland","United States","21-30","Arts","unspecified"
"95c219350287bdbd668fbdc4f5e08290","United Kingdom","None","None","21-30","Science and Engineering","male"
"960f8c98eccd88745d03044846f74729","United Kingdom","United States","Germany","31-40","Software","unspecified"
"97e95c11537990ace1ba2e4cce251fb3","United Kingdom","None","None","unspecified","Unspecified","unspecified"
"a5a117f67c013ff634b9fc3ade730066","United Kingdom","India","None","21-30","Science and Engineering","male"
"bbecfd3523532eee68bf29bc6601151e","United Kingdom","None","None","21-30","Science and Engineering","female"
"bf570d73bf5c345802d5ef5f4494993d","United Kingdom","None","None","21-30","Science and Engineering","male"
"dbbdbe622ed3c5ecb9c4cb0bd2362246","China","None","None","21-30","Arts","female"
"dbfce88948446b8856107cb382635a7b","United Kingdom","None","None","21-30","Other","female"
"ecdeb402cc9f4502817e8b68b76a9233","United Kingdom","France","None","21-30","Science and Engineering","female"
"ed6f304bb8e151c083f3ed7751b85bc2","United Kingdom","None","None","41-50","Publishing","male"
"eda19289606461a8c6b872b575f0c469","United Kingdom","None","None","unspecified","Unspecified","female"
"eed642781f2c45504268111434907523","United Kingdom","None","None","21-30","Education","male"
"f5312040a7606fc443ee18325893e4c9","United Kingdom","China","None","21-30","Science and Engineering","female"
"fcb51b8a37680d443a841b04508bd314","United Kingdom","New Zealand","None","21-30","Science and Engineering","female"
